Lot,Sklad
'','2157'
'1','851979'
'10','1233'
'100','2273'
'11','880'
'113','2157'
'12','2273'
'13','298198'
'14','351862'
'155','2157'
'16','341517'
'17','1125'
'18','851800'
'19','000851802'
'19-23см','73'
'2','851980'
'20','298211'
'21','298245'
'22','298243'
'23','2273'
'25','1484'
'26','298241'
'27','851979'
'3','1229'
'32','399330'
'4','1232'
'48',''
'4S','б/н'
'4к','БН'
'4кат','БН'
'5','668'
"5,11,12.",'1129'
'50','письмо'
'50 1 cорт','2143'
'50 1cорт','2143'
'50 1С','373922'
'50 1сорт','373922'
'500+','бн'
'51','1097'
"51,52",'1098'
'52','1097'
'53','справка'
'53 CТ','373920'
'53 сандарт','373920'
"54,55",'письмо'
'55','2242'
"55,56,57",''
'56','2157'
'57','293109'
'57 К№07-06','1612'
