Producer,Sklad
'',''
'"Пулковский Меридиан','1'
'"РК им.Ленина"','БН'
'"ШТУРМАН"','бн'
'БАМР','БН'
'БАТМ "АНИВА"','БН'
'БАТМ "БОРИСОВ"','972'
'БАТМ "БОРИСОВО"',''
'БАТМ "Бутовск"',''
'БАТМ "Полукс"','БН'
'БАТМ "Сероглазка"',''
'БАТМ"Г.Широнинцы"','Справка'
'БАТМ"М.ДАЛЬНИЙ"','АП ДКХ'
'БАТМ"П.МЕРИДИАН"','205'
'БАТМ"П.НИКОЛАЕВА"','2240'
'БАТМ"ПОЛЛУКС"','91'
'БАТМ"Петропавловск"','964'
'БАТМ"СЕРОГЛАЗКА"',''
'БМРТ"А.Беляков"','002502'
'БМРТ"Б.Преображение"','2106'
'БМРТ"В.СТРЕЛЬЦОВ"','Справка'
'БМРТ"И.МАЛЯКИН"','129'
'БМРТ"ИХТИОЛОГ"','Справка'
'БМРТ"ЙОХАН КЕЛЕР"','1541'
'БМРТ"М.БАБУШКИНА"',''
'БМРТ"М.КРЫЛОВА"','494'
'БМРТ"П.ПАНИН"','191'
'БМРТ"ПАХАЧА"','983'
'БМРТ"РЕЗОЛЮТ"','528'
'БМТР"Б.Преображение"','2106'
'БОРИСОВО',''
'Байковск','1618'
'Большерецк Скит','БН'
'Бутовск',''
'Бухта Андреева','БН'
'В.КАЛЕНОВ','БН'
'ВАЗИКОВ','БН'
'ВИНОГРАДОВКА','БН'
'ВЛАДРЫБМАРИН','БН'
'Витязь-Авто','БН'
'Владрыбмарин','БН'
'Восток1','бн'
'ГРАНИК','бн'
'ДАЛЬРЫБТОРГ',''
'Диденко','383986'
'Житников','142486'
'ЗАЛИВ ВОСТОК','000150'
'Залив Восток','000150'
'ИОЛАНТА','229'
'ИП Борисик А.П.','БН'
