Transport,Sklad
'','справка'
'"АРКТУР"','б/н'
'"КАСПИЙСКИЙ"','1115'
'"КОМБРИГ МАЛЬЧЕНКО"','БН'
'"Комсомолия Калининг','бн'
'"ПРИМОРЬЕ"','47'
'"Пулковский Меридиан','1'
'"СУБАРУ"','1262'
'А.ГУРИН','104'
'А.Лиман',''
'А.ХОХЛОВ','002502'
'А.лиман','963'
'А/М','716'
'А/МАШИНА','293957'
'АВТО','750'
'АВТО (КАСП-ИЙ)',''
'АВТО (КР-ЯРСК)','1'
'АВТО (КР-ЯРСКИЙ',''
'АВТО (КР-ЯРСКИЙ)',''
'АВТО (КР-ЯСК)',''
'АВТО (КРАСНОЯСК)',''
'АВТОМАБИЛЬ','293909'
'АВТОМАБИЛЬ 1','БН'
'АВТОМАБИЛЬ 2-3','1'
'АВТОМАШИНА','185'
'АЙС БРИЗ',''
'АЙС СТРИМ','295195'
'АКАШИЯ','БН'
'АМУР-ЛИМАН','Конос   №17/07/'
'АМУРСКИЙ ЛИМАН','Конос   №17/07/'
'АРКТУР','191'
'Автмашина','БН'
'Автмашина 4','БН'
'Авто',''
'Автомашина','БН'
'Автомашина 1','1'
'Автомашина 2','2'
'Автомашина 3','БН'
'Автомашина 4','БН'
'Автомашина 5','БН'
'Автомашина 6','БН'
'Айс Бриз','БН'
'Акашия','БН'
'Ам.ЛИМАН','по 185'
'Амбер Балтик','бн'
'Амтропус',''
'Арктур','740'
'Атропус',''
'БАРОН',''
'БАТМ"П.МЕРИДИАН"','205'
